LEA Code,LEA Name,School Code,School Name,Enrolled,PK3,PK4,KG,01,02,03,04,05,06,07,08,09,10,11,12,Adult,Ungraded
178,Academy of Hope Adult PCS,233,Academy of Hope Adult PCS,387,0,0,0,0,0,0,0,0,0,0,0,0,0,0,0,387,0
155,Achievement Preparatory Academy PCS,1096,Accotink Academy Alternative Learning Center Springfield VA,1,0,0,0,0,0,1,0,0,0,0,0,0,0,0,0,0,0
155,Achievement Preparatory Academy PCS,1049,Accotink Academy Therapeutic Day School Springfield VA,2,0,0,0,0,0,0,0,0,0,1,1,0,0,0,0,0,0
155,Achievement Preparatory Academy PCS,217,Achievement Preparatory Academy PCS - Wahler Place Elementary School,486,75,76,79,78,81,97,0,0,0,0,0,0,0,0,0,0,0
155,Achievement Preparatory Academy PCS,1100,Achievement Preparatory Academy PCS - Wahler Place Middle School,476,0,0,0,0,0,0,99,105,106,91,75,0,0,0,0,0,0
155,Achievement Preparatory Academy PCS,1020,Childrens Guild Prince Georges Chillum MD,1,0,0,0,0,0,0,1,0,0,0,0,0,0,0,0,0,0
155,Achievement Preparatory Academy PCS,1044,Episcopal Center for Children DC,1,0,0,0,0,0,0,0,0,0,1,0,0,0,0,0,0,0
155,Achievement Preparatory Academy PCS,1200,High Road of Maryland Lower School Prince George's County,1,0,0,0,0,0,0,0,0,1,0,0,0,0,0,0,0,0
155,Achievement Preparatory Academy PCS,1051,Ivymount School Rockville MD,1,0,0,0,0,0,1,0,0,0,0,0,0,0,0,0,0,0
155,Achievement Preparatory Academy PCS,1013,Phillips School Laurel Laurel MD,1,0,0,0,0,0,0,0,0,0,1,0,0,0,0,0,0,0
103,AppleTree Early Learning PCS,140,AppleTree Early Learning Center PCS - Columbia Heights,162,81,81,0,0,0,0,0,0,0,0,0,0,0,0,0,0,0
103,AppleTree Early Learning PCS,3073,AppleTree Early Learning Center PCS - Lincoln Park,60,33,27,0,0,0,0,0,0,0,0,0,0,0,0,0,0,0
103,AppleTree Early Learning PCS,1137,AppleTree Early Learning Center PCS - Oklahoma Avenue,143,72,71,0,0,0,0,0,0,0,0,0,0,0,0,0,0,0
103,AppleTree Early Learning PCS,3072,AppleTree Early Learning Center PCS - Southeast,181,92,89,0,0,0,0,0,0,0,0,0,0,0,0,0,0,0
103,AppleTree Early Learning PCS,141,AppleTree Early Learning Center PCS - Southwest,108,62,46,0,0,0,0,0,0,0,0,0,0,0,0,0,0,0
168,Basis DC PCS,3068,BASIS DC PCS,598,0,0,0,0,0,0,0,137,102,108,89,49,53,45,15,0,0
168,Basis DC PCS,1015,Monroe School DC,1,0,0,0,0,0,0,0,0,0,1,0,0,0,0,0,0,0
189,Breakthrough Montessori PCS,289,Breakthrough Montessori PCS,135,43,51,41,0,0,0,0,0,0,0,0,0,0,0,0,0,0
107,Bridges PCS,142,Bridges PCS,399,56,55,50,53,58,55,49,23,0,0,0,0,0,0,0,0,0
107,Bridges PCS,1020,Childrens Guild Prince Georges Chillum MD,1,0,0,0,0,0,0,1,0,0,0,0,0,0,0,0,0,0
119,Briya PCS,126,Briya PCS,673,25,23,0,0,0,0,0,0,0,0,0,0,0,0,0,625,0
108,Capital City PCS,1207,Capital City PCS - High School,335,0,0,0,0,0,0,0,0,0,0,0,95,91,76,73,0,0
108,Capital City PCS,184,Capital City PCS - Lower School,324,32,44,46,50,50,50,52,0,0,0,0,0,0,0,0,0,0
108,Capital City PCS,182,Capital City PCS - Middle School,334,0,0,0,0,0,0,0,85,88,85,76,0,0,0,0,0,0
108,Capital City PCS,1079,Katherine Thomas School Rockville MD,1,0,0,0,0,0,0,0,0,0,0,0,1,0,0,0,0,0
108,Capital City PCS,1066,Lt. Joseph P. Kennedy Institute,1,0,0,0,0,0,0,0,0,0,0,0,1,0,0,0,0,0
108,Capital City PCS,1012,Phillips School Annandale Annandale VA,2,0,0,0,0,0,0,0,0,1,0,0,1,0,0,0,0,0
108,Capital City PCS,1013,Phillips School Laurel Laurel MD,1,0,0,0,0,0,0,0,0,0,0,0,1,0,0,0,0,0
162,Carlos Rosario International PCS,1119,Carlos Rosario International PCS,2121,0,0,0,0,0,0,0,0,0,0,0,0,0,0,0,2121,0
123,Cedar Tree Academy PCS,188,Cedar Tree Academy PCS,381,127,148,106,0,0,0,0,0,0,0,0,0,0,0,0,0,0
156,Center City PCS,1049,Accotink Academy Therapeutic Day School Springfield VA,1,0,0,0,0,0,0,0,0,0,0,1,0,0,0,0,0,0
156,Center City PCS,1103,Center City PCS - Brightwood,263,17,22,22,27,29,27,27,26,22,23,21,0,0,0,0,0,0
156,Center City PCS,1104,Center City PCS - Capitol Hill,260,19,17,25,26,19,28,26,23,28,26,23,0,0,0,0,0,0
156,Center City PCS,1105,Center City PCS - Congress Heights,256,14,22,18,24,26,26,28,25,31,22,20,0,0,0,0,0,0
156,Center City PCS,1106,Center City PCS - Petworth,252,18,22,20,23,21,25,24,26,26,21,26,0,0,0,0,0,0
156,Center City PCS,1107,Center City PCS - Shaw,236,0,24,23,20,24,24,25,22,25,25,24,0,0,0,0,0,0
156,Center City PCS,1108,Center City PCS - Trinidad,202,0,17,9,28,18,25,27,21,20,20,17,0,0,0,0,0,0
156,Center City PCS,1044,Episcopal Center for Children DC,3,0,0,0,0,0,0,1,0,2,0,0,0,0,0,0,0,0
156,Center City PCS,1200,High Road of Maryland Lower School Prince George's County,1,0,0,0,0,0,0,0,0,0,1,0,0,0,0,0,0,0
156,Center City PCS,1018,PHILLIPS Programs for Children and Families/ PHILLIPS School ~ Fairfax,1,0,0,0,0,0,0,0,0,0,1,0,0,0,0,0,0,0
156,Center City PCS,1081,The Foundation School at PG County,1,0,0,0,0,0,0,0,0,1,0,0,0,0,0,0,0,0
109,Cesar Chavez PCS for Public Policy,1049,Accotink Academy Therapeutic Day School Springfield VA,2,0,0,0,0,0,0,0,0,0,0,1,1,0,0,0,0,0
109,Cesar Chavez PCS for Public Policy,153,Cesar Chavez PCS for Public Policy - Capitol Hill,259,0,0,0,0,0,0,0,0,0,0,0,35,64,98,62,0,0
109,Cesar Chavez PCS for Public Policy,127,Cesar Chavez PCS for Public Policy - Chavez Prep,294,0,0,0,0,0,0,0,0,84,58,99,53,0,0,0,0,0
109,Cesar Chavez PCS for Public Policy,109,Cesar Chavez PCS for Public Policy - Parkside High School,367,0,0,0,0,0,0,0,0,0,0,0,107,111,88,61,0,0
109,Cesar Chavez PCS for Public Policy,102,Cesar Chavez PCS for Public Policy - Parkside Middle School,257,0,0,0,0,0,0,0,0,82,86,89,0,0,0,0,0,0
109,Cesar Chavez PCS for Public Policy,1250,Harbor Point Behavioral Health,1,0,0,0,0,0,0,0,0,0,0,0,0,0,1,0,0,0
109,Cesar Chavez PCS for Public Policy,1171,HRMD High Road Academy of Prince Georges County,1,0,0,0,0,0,0,0,0,0,0,0,0,1,0,0,0,0
109,Cesar Chavez PCS for Public Policy,1051,Ivymount School Rockville MD,1,0,0,0,0,0,0,0,0,0,0,0,1,0,0,0,0,0
109,Cesar Chavez PCS for Public Policy,1070,Kingsbury Day School DC,1,0,0,0,0,0,0,0,0,0,0,0,1,0,0,0,0,0
109,Cesar Chavez PCS for Public Policy,1183,New Beginnings Vocational Program DC,2,0,0,0,0,0,0,0,0,0,0,0,1,0,1,0,0,0
109,Cesar Chavez PCS for Public Policy,1018,PHILLIPS Programs for Children and Families/ PHILLIPS School ~ Fairfax,1,0,0,0,0,0,0,0,0,0,0,0,1,0,0,0,0,0
109,Cesar Chavez PCS for Public Policy,1013,Phillips School Laurel Laurel MD,1,0,0,0,0,0,0,0,0,0,0,0,1,0,0,0,0,0
109,Cesar Chavez PCS for Public Policy,1159,The Pathways School Northwood,1,0,0,0,0,0,0,0,0,0,1,0,0,0,0,0,0,0
153,City Arts & Prep PCS,210,City Arts & Prep PCS,499,34,58,47,59,56,49,56,39,48,32,21,0,0,0,0,0,0
153,City Arts & Prep PCS,1082,Foundation School of Montgomery County Gaithersburg MD,1,0,0,0,0,0,0,0,0,1,0,0,0,0,0,0,0,0
176,Community College Preparatory Academy PCS,216,Community College Preparatory Academy PCS,600,0,0,0,0,0,0,0,0,0,0,0,0,0,0,0,600,0
169,Creative Minds International PCS,1049,Accotink Academy Therapeutic Day School Springfield VA,1,0,0,0,0,0,0,0,0,1,0,0,0,0,0,0,0,0
169,Creative Minds International PCS,3069,Creative Minds International PCS,441,56,61,60,39,40,40,40,35,35,35,0,0,0,0,0,0,0
169,Creative Minds International PCS,1044,Episcopal Center for Children DC,1,0,0,0,0,0,0,0,0,0,1,0,0,0,0,0,0,0
169,Creative Minds International PCS,1051,Ivymount School Rockville MD,1,0,0,0,0,1,0,0,0,0,0,0,0,0,0,0,0,0
114,DC Bilingual PCS,199,DC Bilingual PCS,440,36,59,49,73,72,64,45,42,0,0,0,0,0,0,0,0,0
114,DC Bilingual PCS,1044,Episcopal Center for Children DC,1,0,0,0,0,0,1,0,0,0,0,0,0,0,0,0,0,0
114,DC Bilingual PCS,1070,Kingsbury Day School DC,1,0,0,0,0,0,1,0,0,0,0,0,0,0,0,0,0,0
115,DC Prep PCS,1049,Accotink Academy Therapeutic Day School Springfield VA,3,0,0,0,0,0,0,1,0,0,1,1,0,0,0,0,0,0
115,DC Prep PCS,1020,Childrens Guild Prince Georges Chillum MD,2,0,0,0,0,0,0,0,1,1,0,0,0,0,0,0,0,0
115,DC Prep PCS,276,DC Prep PCS - Anacostia Elementary School,304,84,70,73,77,0,0,0,0,0,0,0,0,0,0,0,0,0
115,DC Prep PCS,1110,DC Prep PCS - Benning Elementary School,453,72,79,76,74,76,76,0,0,0,0,0,0,0,0,0,0,0
115,DC Prep PCS,218,DC Prep PCS - Benning Middle School,335,0,0,0,0,0,0,80,79,69,53,54,0,0,0,0,0,0
115,DC Prep PCS,130,DC Prep PCS - Edgewood Elementary School,451,82,71,75,75,73,75,0,0,0,0,0,0,0,0,0,0,0
115,DC Prep PCS,196,DC Prep PCS - Edgewood Middle School,332,0,0,0,0,0,0,78,80,68,57,49,0,0,0,0,0,0
115,DC Prep PCS,1044,Episcopal Center for Children DC,1,0,0,0,0,0,0,1,0,0,0,0,0,0,0,0,0,0
115,DC Prep PCS,1070,Kingsbury Day School DC,1,0,0,0,0,0,0,0,0,0,0,1,0,0,0,0,0,0
115,DC Prep PCS,1066,Lt. Joseph P. Kennedy Institute,1,0,0,0,0,0,0,0,0,0,1,0,0,0,0,0,0,0
115,DC Prep PCS,1249,North Spring Behavioral Health Care Leesburg VA,1,0,0,0,0,0,0,0,0,0,0,1,0,0,0,0,0,0
115,DC Prep PCS,1013,Phillips School Laurel Laurel MD,1,0,0,0,0,0,0,0,1,0,0,0,0,0,0,0,0,0
170,DC Scholars PCS,1020,Childrens Guild Prince Georges Chillum MD,1,0,0,0,0,0,0,1,0,0,0,0,0,0,0,0,0,0
170,DC Scholars PCS,3070,DC Scholars PCS,515,61,59,66,46,72,49,42,40,20,43,17,0,0,0,0,0,0
170,DC Scholars PCS,1015,Monroe School DC,1,0,0,0,0,0,0,0,0,0,0,1,0,0,0,0,0,0
179,Democracy Prep Congress Heights PCS,1049,Accotink Academy Therapeutic Day School Springfield VA,5,0,0,0,1,1,0,1,1,1,0,0,0,0,0,0,0,0
179,Democracy Prep Congress Heights PCS,234,Democracy Prep Congress Heights PCS,645,41,49,53,55,73,60,85,80,76,51,22,0,0,0,0,0,0
179,Democracy Prep Congress Heights PCS,1044,Episcopal Center for Children DC,2,0,0,0,0,1,0,0,0,1,0,0,0,0,0,0,0,0
179,Democracy Prep Congress Heights PCS,1012,Phillips School Annandale Annandale VA,1,0,0,0,0,0,1,0,0,0,0,0,0,0,0,0,0,0
179,Democracy Prep Congress Heights PCS,1013,Phillips School Laurel Laurel MD,2,0,0,0,0,1,0,0,0,0,1,0,0,0,0,0,0,0
179,Democracy Prep Congress Heights PCS,1078,Reginald S Lourie Center Rockville MD,1,0,0,0,1,0,0,0,0,0,0,0,0,0,0,0,0,0
179,Democracy Prep Congress Heights PCS,1081,The Foundation School at PG County,2,0,0,0,0,0,0,0,1,1,0,0,0,0,0,0,0,0
181,District of Columbia International School,1049,Accotink Academy Therapeutic Day School Springfield VA,1,0,0,0,0,0,0,0,0,0,0,0,1,0,0,0,0,0
181,District of Columbia International School,248,District of Columbia International School,804,0,0,0,0,0,0,0,0,243,182,170,125,84,0,0,0,0
181,District of Columbia International School,1051,Ivymount School Rockville MD,1,0,0,0,0,0,0,0,0,0,0,1,0,0,0,0,0,0
181,District of Columbia International School,1079,Katherine Thomas School Rockville MD,1,0,0,0,0,0,0,0,0,0,1,0,0,0,0,0,0,0
181,District of Columbia International School,1168,Kennedy Krieger Fairmont Campus Baltimore MD,1,0,0,0,0,0,0,0,0,0,0,1,0,0,0,0,0,0
1,District of Columbia Public Schools,1434,Abraxas I Marienville PA,1,0,0,0,0,0,0,0,0,0,0,0,1,0,0,0,0,0
1,District of Columbia Public Schools,1096,Accotink Academy Alternative Learning Center Springfield VA,1,0,0,0,0,0,0,0,0,0,0,0,0,0,0,1,0,0
1,District of Columbia Public Schools,1049,Accotink Academy Therapeutic Day School Springfield VA,31,0,0,0,0,0,1,0,1,0,0,3,13,1,6,6,0,0
1,District of Columbia Public Schools,202,Aiton Elementary School,243,31,43,39,33,20,21,30,26,0,0,0,0,0,0,0,0,0
1,District of Columbia Public Schools,203,Amidon-Bowen Elementary School,351,25,40,37,45,50,49,46,59,0,0,0,0,0,0,0,0,0
1,District of Columbia Public Schools,450,Anacostia High School,379,0,0,0,0,0,0,0,0,0,0,0,89,91,83,95,0,21
1,District of Columbia Public Schools,452,Ballou High School,880,0,0,0,0,0,0,0,0,0,0,0,267,169,239,196,0,9
1,District of Columbia Public Schools,462,Ballou STAY High School,495,0,0,0,0,0,0,0,0,0,0,0,88,45,71,67,224,0
1,District of Columbia Public Schools,204,Bancroft Elementary School @ Sharpe,544,43,57,80,78,68,78,67,73,0,0,0,0,0,0,0,0,0
1,District of Columbia Public Schools,205,Barnard Elementary School,642,61,84,90,80,88,79,86,74,0,0,0,0,0,0,0,0,0
1,District of Columbia Public Schools,206,Beers Elementary School,484,42,55,75,72,68,49,78,45,0,0,0,0,0,0,0,0,0
1,District of Columbia Public Schools,402,Benjamin Banneker High School,482,0,0,0,0,0,0,0,0,0,0,0,142,115,121,104,0,0
1,District of Columbia Public Schools,212,Brent Elementary School,425,32,34,72,62,64,64,53,44,0,0,0,0,0,0,0,0,0
1,District of Columbia Public Schools,213,Brightwood Education Campus,737,41,49,81,88,76,74,77,85,49,61,56,0,0,0,0,0,0
1,District of Columbia Public Schools,347,Brookland Middle School,238,0,0,0,0,0,0,0,0,66,75,97,0,0,0,0,0,0
1,District of Columbia Public Schools,404,Browne Education Campus,325,25,33,39,38,31,36,27,20,34,21,21,0,0,0,0,0,0
1,District of Columbia Public Schools,296,Bruce-Monroe Elementary School @ Park View,473,44,50,71,70,62,59,55,62,0,0,0,0,0,0,0,0,0
1,District of Columbia Public Schools,219,Bunker Hill Elementary School,200,22,33,27,23,23,28,21,23,0,0,0,0,0,0,0,0,0
1,District of Columbia Public Schools,220,Burroughs Elementary School,282,37,33,42,47,32,42,25,24,0,0,0,0,0,0,0,0,0
1,District of Columbia Public Schools,221,Burrville Elementary School,300,35,46,49,43,32,41,34,20,0,0,0,0,0,0,0,0,0
1,District of Columbia Public Schools,247,C.W. Harris Elementary School,278,18,37,33,38,40,24,42,46,0,0,0,0,0,0,0,0,0
1,District of Columbia Public Schools,1426,Canyon State Academy Rite of Passage Queen Creek AZ,1,0,0,0,0,0,0,0,0,0,0,0,0,0,1,0,0,0
1,District of Columbia Public Schools,360,Capitol Hill Montessori School @ Logan,365,54,53,50,41,41,34,29,20,6,17,20,0,0,0,0,0,0
1,District of Columbia Public Schools,454,Cardozo Education Campus,788,0,0,0,0,0,0,0,0,46,46,55,136,188,152,141,0,24
1,District of Columbia Public Schools,1050,Chelsea School Hyattsville MD,8,0,0,0,0,0,0,0,0,0,2,1,1,0,2,2,0,0
1,District of Columbia Public Schools,1169,Childrens Guild Baltimore MD,12,0,0,0,0,0,1,0,0,0,0,0,10,0,1,0,0,0
1,District of Columbia Public Schools,1020,Childrens Guild Prince Georges Chillum MD,6,0,0,0,0,0,0,0,2,1,0,0,1,1,0,1,0,0
1,District of Columbia Public Schools,947,CHOICE Academy @ Wash Met,1,0,0,0,0,0,0,0,0,0,0,0,0,1,0,0,0,0
1,District of Columbia Public Schools,224,Cleveland Elementary School,317,33,46,37,38,44,43,45,31,0,0,0,0,0,0,0,0,0
1,District of Columbia Public Schools,442,Columbia Heights Education Campus,1240,0,0,0,0,0,0,0,0,103,88,91,234,245,235,238,0,6
1,District of Columbia Public Schools,3132,Community School of Maryland,2,0,0,0,0,0,0,0,0,0,0,0,0,0,0,0,0,2
1,District of Columbia Public Schools,455,Coolidge High School,310,0,0,0,0,0,0,0,0,0,0,0,108,57,76,60,0,9
1,District of Columbia Public Schools,1042,CSAAC Community School of Maryland Brookeville Brookeville MD,4,0,0,0,0,0,1,0,1,1,0,0,0,0,0,0,0,1
1,District of Columbia Public Schools,1213,Cumberland Hospital For Children and Adolescents Cumberland VA,1,0,0,0,0,0,0,0,0,0,0,0,1,0,0,0,0,0
1,District of Columbia Public Schools,405,Deal Middle School,1475,0,0,0,0,0,0,0,0,484,537,454,0,0,0,0,0,0
1,District of Columbia Public Schools,1215,Devereux Florida Viera Campus Viera FL,2,0,0,0,0,0,0,0,0,0,1,0,1,0,0,0,0,0
1,District of Columbia Public Schools,1216,Devereux Georgia Treatment Network Kennesaw GA,4,0,0,0,0,0,0,0,0,0,0,1,2,1,0,0,0,0
1,District of Columbia Public Schools,349,Dorothy I. Height Elementary School,479,64,79,61,61,57,50,64,43,0,0,0,0,0,0,0,0,0
1,District of Columbia Public Schools,231,Drew Elementary School,272,26,19,41,32,27,44,42,41,0,0,0,0,0,0,0,0,0
1,District of Columbia Public Schools,471,Duke Ellington School of the Arts,566,0,0,0,0,0,0,0,0,0,0,0,177,150,122,117,0,0
1,District of Columbia Public Schools,467,Dunbar High School,617,0,0,0,0,0,0,0,0,0,0,0,202,128,129,148,0,10
1,District of Columbia Public Schools,457,Eastern High School,769,0,0,0,0,0,0,0,0,0,0,0,186,199,166,196,0,22
1,District of Columbia Public Schools,232,Eaton Elementary School,476,0,36,73,75,73,78,73,68,0,0,0,0,0,0,0,0,0
1,District of Columbia Public Schools,407,Eliot-Hine Middle School,203,0,0,0,0,0,0,0,0,71,69,63,0,0,0,0,0,0
1,District of Columbia Public Schools,1044,Episcopal Center for Children DC,14,0,0,0,0,0,3,3,2,3,1,2,0,0,0,0,0,0
1,District of Columbia Public Schools,1331,Florida Institute for Neurologic Rehabilitation Wauchula FL,4,0,0,0,0,0,0,0,0,0,0,0,2,2,0,0,0,0
1,District of Columbia Public Schools,3005,Forbush at Oakmont- Upper School,1,0,0,0,0,0,0,0,0,0,0,0,1,0,0,0,0,0
1,District of Columbia Public Schools,1087,Forbush School at Glyndon Reisterstown MD,1,0,0,0,0,0,0,0,0,0,0,0,1,0,0,0,0,0
1,District of Columbia Public Schools,1082,Foundation School of Montgomery County Gaithersburg MD,10,0,0,0,0,0,0,0,0,0,0,0,6,3,1,0,0,0
1,District of Columbia Public Schools,3033,Frost School Oakmont Program Rockville MD,16,0,0,0,0,0,0,0,4,0,0,1,5,4,1,1,0,0
1,District of Columbia Public Schools,238,Garfield Elementary School,301,25,31,32,34,56,38,44,41,0,0,0,0,0,0,0,0,0
1,District of Columbia Public Schools,239,Garrison Elementary School,250,37,44,34,34,16,35,26,24,0,0,0,0,0,0,0,0,0
1,District of Columbia Public Schools,994,General Education Residential Schools,9,0,0,0,0,0,0,0,0,0,0,0,4,4,1,0,0,0
1,District of Columbia Public Schools,1232,Grafton School Berryville,1,0,0,0,0,0,0,1,0,0,0,0,0,0,0,0,0,0
1,District of Columbia Public Schools,3019,Grafton School Richmond Campus,1,0,0,0,0,0,0,0,0,0,0,0,0,0,0,0,0,1
1,District of Columbia Public Schools,3114,Grafton School Ruth Birch,1,0,0,0,0,0,0,0,0,0,0,0,0,0,0,0,0,1
1,District of Columbia Public Schools,227,H.D. Cooke Elementary School,404,32,55,62,53,51,55,47,49,0,0,0,0,0,0,0,0,0
1,District of Columbia Public Schools,464,H.D. Woodson High School,488,0,0,0,0,0,0,0,0,0,0,0,86,112,139,132,0,19
1,District of Columbia Public Schools,1250,Harbor Point Behavioral Health,1,0,0,0,0,0,0,0,0,1,0,0,0,0,0,0,0,0
1,District of Columbia Public Schools,1054,Harbour School Annapolis Annapolis MD,13,0,0,0,0,0,0,0,0,1,1,2,6,2,1,0,0,0
1,District of Columbia Public Schools,246,Hardy Middle School,392,0,0,0,0,0,0,0,0,128,142,122,0,0,0,0,0,0
1,District of Columbia Public Schools,413,Hart Middle School,337,0,0,0,0,0,0,0,0,116,117,104,0,0,0,0,0,0
1,District of Columbia Public Schools,258,Hearst Elementary School,312,0,46,43,51,49,43,41,39,0,0,0,0,0,0,0,0,0
1,District of Columbia Public Schools,249,Hendley Elementary School,379,25,32,54,53,47,58,54,56,0,0,0,0,0,0,0,0,0
1,District of Columbia Public Schools,1431,Hermitage Hall Nashville TN,1,0,0,0,0,0,0,0,0,0,0,0,1,0,0,0,0,0
1,District of Columbia Public Schools,1200,High Road of Maryland Lower School Prince George's County,11,0,0,0,0,0,1,0,0,0,0,2,4,2,0,2,0,0
1,District of Columbia Public Schools,3062,High Road of Maryland Upper School Prince George's County,9,0,0,0,0,0,0,0,0,0,0,0,5,3,0,1,0,0
1,District of Columbia Public Schools,251,Houston Elementary School,269,31,38,33,33,32,30,36,36,0,0,0,0,0,0,0,0,0
1,District of Columbia Public Schools,1092,HRMD High Road Academy of Howard County,4,0,0,0,0,0,0,0,1,0,0,0,1,1,0,0,0,1
1,District of Columbia Public Schools,1171,HRMD High Road Academy of Prince Georges County,10,0,0,0,0,0,0,0,0,0,0,1,3,2,2,2,0,0
1,District of Columbia Public Schools,1139,HRMD High Road School of Southern Maryland,1,0,0,0,0,0,0,0,0,0,0,0,1,0,0,0,0,0
1,District of Columbia Public Schools,1410,Hughes Center for Exceptional Children Danville VA,3,0,0,0,0,0,0,0,0,0,0,0,3,0,0,0,0,0
1,District of Columbia Public Schools,252,Hyde-Addison Elementary School @ Meyer,320,16,43,69,43,46,38,35,30,0,0,0,0,0,0,0,0,0
1,District of Columbia Public Schools,480,Inspiring Youth Program,40,0,0,0,0,0,0,0,0,0,0,0,11,10,9,10,0,0
1,District of Columbia Public Schools,1051,Ivymount School Rockville MD,32,0,0,0,0,1,0,0,1,2,2,3,3,0,1,2,0,17
1,District of Columbia Public Schools,339,J.O. Wilson Elementary School,509,48,62,67,74,66,71,64,57,0,0,0,0,0,0,0,0,0
1,District of Columbia Public Schools,254,Janney Elementary School,737,0,60,128,105,104,122,105,113,0,0,0,0,0,0,0,0,0
1,District of Columbia Public Schools,433,Jefferson Middle School Academy,314,0,0,0,0,0,0,0,0,125,101,88,0,0,0,0,0,0
1,District of Columbia Public Schools,416,Johnson Middle School,255,0,0,0,0,0,0,0,0,96,77,82,0,0,0,0,0,0
1,District of Columbia Public Schools,1079,Katherine Thomas School Rockville MD,24,0,0,0,0,0,1,0,3,0,0,0,11,2,1,6,0,0
1,District of Columbia Public Schools,421,Kelly Miller Middle School,387,0,0,0,0,0,0,0,0,124,127,136,0,0,0,0,0,0
1,District of Columbia Public Schools,1168,Kennedy Krieger Fairmont Campus Baltimore MD,4,0,0,0,0,0,0,1,1,2,0,0,0,0,0,0,0,0
1,District of Columbia Public Schools,1056,Kennedy Krieger Greenspring Campus Baltimore MD,9,0,0,0,0,0,0,0,0,0,0,0,6,1,2,0,0,0
1,District of Columbia Public Schools,3117,Kennedy Krieger Greenspring Campus LEAP Program,2,0,0,0,0,0,0,0,0,0,0,0,1,0,0,0,0,1
1,District of Columbia Public Schools,1184,Kennedy Krieger Montgomery County Campus Rockville MD,9,0,0,0,0,0,0,2,0,0,0,1,1,0,0,0,0,5
1,District of Columbia Public Schools,257,Ketcham Elementary School,310,31,40,46,35,40,37,41,40,0,0,0,0,0,0,0,0,0
1,District of Columbia Public Schools,272,Key Elementary School,417,0,40,81,56,74,68,52,46,0,0,0,0,0,0,0,0,0
1,District of Columbia Public Schools,259,Kimball Elementary School @ Davis,325,25,33,38,47,38,53,56,35,0,0,0,0,0,0,0,0,0
1,District of Columbia Public Schools,344,King Elementary School,346,27,35,56,49,49,38,41,51,0,0,0,0,0,0,0,0,0
1,District of Columbia Public Schools,1070,Kingsbury Day School DC,31,0,0,0,0,0,0,1,0,4,0,2,6,4,6,7,0,1
1,District of Columbia Public Schools,3109,Kingsbury HOPE Program,4,0,0,0,0,0,0,0,0,0,0,0,4,0,0,0,0,0
1,District of Columbia Public Schools,417,Kramer Middle School,194,0,0,0,0,0,0,0,0,62,67,65,0,0,0,0,0,0
1,District of Columbia Public Schools,3129,KVC Academy,1,0,0,0,0,0,0,0,0,0,0,0,1,0,0,0,0,0
1,District of Columbia Public Schools,1046,Lab School of Washington DC,31,0,0,0,0,0,0,2,1,3,3,5,4,2,2,9,0,0
1,District of Columbia Public Schools,261,Lafayette Elementary School,816,0,97,141,139,117,127,89,106,0,0,0,0,0,0,0,0,0
1,District of Columbia Public Schools,262,Langdon Elementary School,324,39,40,50,34,44,42,33,42,0,0,0,0,0,0,0,0,0
1,District of Columbia Public Schools,370,Langley Elementary School,275,41,26,39,20,32,35,34,48,0,0,0,0,0,0,0,0,0
1,District of Columbia Public Schools,264,LaSalle-Backus Education Campus,363,23,25,43,33,29,28,32,33,42,39,36,0,0,0,0,0,0
1,District of Columbia Public Schools,266,Leckie Education Campus,558,42,57,65,68,62,60,58,50,35,31,30,0,0,0,0,0,0
1,District of Columbia Public Schools,1066,Lt. Joseph P. Kennedy Institute,22,0,0,0,0,0,0,0,0,0,0,2,2,3,0,0,0,15
1,District of Columbia Public Schools,271,Ludlow-Taylor Elementary School,414,47,62,58,62,37,56,49,43,0,0,0,0,0,0,0,0,0
1,District of Columbia Public Schools,884,Luke C. Moore High School,251,0,0,0,0,0,0,0,0,0,0,0,66,64,63,58,0,0
1,District of Columbia Public Schools,420,MacFarland Middle School,132,0,0,0,0,0,0,0,0,62,70,0,0,0,0,0,0,0
1,District of Columbia Public Schools,308,Malcolm X Elementary School @ Green,256,27,31,36,33,33,38,28,30,0,0,0,0,0,0,0,0,0
1,District of Columbia Public Schools,273,Mann Elementary School,400,0,40,63,67,73,59,50,48,0,0,0,0,0,0,0,0,0
1,District of Columbia Public Schools,284,Marie Reed Elementary School,427,48,53,61,55,62,47,54,47,0,0,0,0,0,0,0,0,0
1,District of Columbia Public Schools,3021,Maryland School for the Blind Baltimore MD,2,0,0,0,0,0,0,0,0,1,0,0,0,0,0,0,0,1
1,District of Columbia Public Schools,274,Maury Elementary School,407,39,47,64,62,54,52,48,41,0,0,0,0,0,0,0,0,0
1,District of Columbia Public Schools,435,McKinley Middle School,241,0,0,0,0,0,0,0,0,76,92,73,0,0,0,0,0,0
1,District of Columbia Public Schools,458,McKinley Technology High School,620,0,0,0,0,0,0,0,0,0,0,0,190,142,148,140,0,0
1,District of Columbia Public Schools,280,Miner Elementary School,345,46,50,51,36,41,38,43,40,0,0,0,0,0,0,0,0,0
1,District of Columbia Public Schools,1015,Monroe School DC,10,0,0,0,0,0,0,0,0,0,2,0,4,1,2,1,0,0
1,District of Columbia Public Schools,285,Moten Elementary School,401,40,41,49,60,48,63,53,47,0,0,0,0,0,0,0,0,0
1,District of Columbia Public Schools,287,Murch Elementary School @ UDC,573,0,60,73,87,84,87,91,91,0,0,0,0,0,0,0,0,0
1,District of Columbia Public Schools,288,Nalle Elementary School,387,41,49,45,53,58,37,55,49,0,0,0,0,0,0,0,0,0
1,District of Columbia Public Schools,1183,New Beginnings Vocational Program DC,11,0,0,0,0,0,0,0,0,0,0,0,5,2,4,0,0,0
1,District of Columbia Public Schools,1305,New Hope Treatment Center Rock Hill SC,3,0,0,0,0,0,0,0,0,0,1,0,0,1,1,0,0,0
1,District of Columbia Public Schools,1249,North Spring Behavioral Health Care Leesburg VA,1,0,0,0,0,0,0,0,0,0,0,0,1,0,0,0,0,0
1,District of Columbia Public Schools,290,Noyes Elementary School,195,18,21,31,29,24,25,31,16,0,0,0,0,0,0,0,0,0
1,District of Columbia Public Schools,291,Orr Elementary School,404,39,51,49,60,57,46,48,54,0,0,0,0,0,0,0,0,0
1,District of Columbia Public Schools,292,Oyster-Adams Bilingual School,677,4,37,76,69,81,63,70,73,70,68,66,0,0,0,0,0,0
1,District of Columbia Public Schools,1189,Pathways Re-Entry at Friendly,2,0,0,0,0,0,0,0,0,0,0,0,1,0,0,1,0,0
1,District of Columbia Public Schools,1155,Pathways School Edgewood Silver Spring MD,7,0,0,0,0,0,0,0,0,0,0,0,2,3,2,0,0,0
1,District of Columbia Public Schools,294,Patterson Elementary School,374,30,49,53,50,47,50,42,53,0,0,0,0,0,0,0,0,0
1,District of Columbia Public Schools,295,Payne Elementary School,315,38,34,41,45,34,42,42,39,0,0,0,0,0,0,0,0,0
1,District of Columbia Public Schools,301,Peabody Elementary School (Capitol Hill Cluster),227,60,80,87,0,0,0,0,0,0,0,0,0,0,0,0,0,0
1,District of Columbia Public Schools,478,"Phelps Architecture, Construction and Engineering High School",260,0,0,0,0,0,0,0,0,0,0,0,71,72,53,64,0,0
1,District of Columbia Public Schools,1018,PHILLIPS Programs for Children and Families/ PHILLIPS School ~ Fairfax,5,0,0,0,0,0,0,0,0,0,0,1,3,0,1,0,0,0
1,District of Columbia Public Schools,1012,Phillips School Annandale Annandale VA,17,0,0,0,0,0,0,1,0,1,0,0,7,2,1,5,0,0
1,District of Columbia Public Schools,1013,Phillips School Laurel Laurel MD,13,0,0,0,0,0,0,0,0,0,1,1,6,2,1,2,0,0
1,District of Columbia Public Schools,299,Plummer Elementary School,375,28,39,47,51,55,47,59,49,0,0,0,0,0,0,0,0,0
1,District of Columbia Public Schools,300,Powell Elementary School,548,44,53,74,75,79,74,78,71,0,0,0,0,0,0,0,0,0
1,District of Columbia Public Schools,316,Randle Highlands Elementary School,325,34,46,35,43,44,48,32,43,0,0,0,0,0,0,0,0,0
1,District of Columbia Public Schools,302,Raymond Education Campus,589,41,58,76,66,48,56,57,53,39,52,43,0,0,0,0,0,0
1,District of Columbia Public Schools,1078,Reginald S Lourie Center Rockville MD,5,0,1,0,0,0,4,0,0,0,0,0,0,0,0,0,0,0
1,District of Columbia Public Schools,304,River Terrace Education Campus,137,0,0,0,0,0,7,4,9,7,13,7,0,0,0,0,0,90
1,District of Columbia Public Schools,436,Ron Brown College Preparatory High School,209,0,0,0,0,0,0,0,0,0,0,0,115,94,0,0,0,0
1,District of Columbia Public Schools,459,Roosevelt High School,698,0,0,0,0,0,0,0,0,0,0,0,215,217,122,127,0,17
1,District of Columbia Public Schools,456,Roosevelt STAY High School,515,0,0,0,0,0,0,0,0,0,0,0,125,60,79,67,184,0
1,District of Columbia Public Schools,305,Ross Elementary School,174,16,20,23,27,22,28,26,12,0,0,0,0,0,0,0,0,0
1,District of Columbia Public Schools,307,Savoy Elementary School,267,18,22,32,29,41,34,54,37,0,0,0,0,0,0,0,0,0
1,District of Columbia Public Schools,409,School Without Walls @ Francis-Stevens,473,40,46,38,36,40,44,44,44,51,46,44,0,0,0,0,0,0
1,District of Columbia Public Schools,466,School Without Walls High School,592,0,0,0,0,0,0,0,0,0,0,0,155,140,142,155,0,0
1,District of Columbia Public Schools,175,School-Within-School @ Goding,308,29,41,44,43,45,42,42,22,0,0,0,0,0,0,0,0,0
1,District of Columbia Public Schools,309,Seaton Elementary School,371,44,48,54,44,52,52,47,30,0,0,0,0,0,0,0,0,0
1,District of Columbia Public Schools,313,Shepherd Elementary School,364,29,40,45,55,58,43,49,45,0,0,0,0,0,0,0,0,0
1,District of Columbia Public Schools,3139,Silver Oak Academy,3,0,0,0,0,0,0,0,0,0,0,0,3,0,0,0,0,0
1,District of Columbia Public Schools,315,Simon Elementary School,274,20,25,31,39,32,38,38,51,0,0,0,0,0,0,0,0,0
1,District of Columbia Public Schools,322,Smothers Elementary School,252,32,44,36,39,21,28,31,21,0,0,0,0,0,0,0,0,0
1,District of Columbia Public Schools,427,Sousa Middle School,228,0,0,0,0,0,0,0,0,65,85,78,0,0,0,0,0,0
1,District of Columbia Public Schools,319,Stanton Elementary School,493,29,51,59,73,63,66,79,73,0,0,0,0,0,0,0,0,0
1,District of Columbia Public Schools,321,Stoddert Elementary School,438,0,20,80,79,71,76,64,48,0,0,0,0,0,0,0,0,0
1,District of Columbia Public Schools,428,Stuart-Hobson Middle School (Capitol Hill Cluster),422,0,0,0,0,0,0,0,0,146,144,132,0,0,0,0,0,0
1,District of Columbia Public Schools,324,Takoma Education Campus,473,33,43,46,38,48,54,43,56,38,42,32,0,0,0,0,0,0
1,District of Columbia Public Schools,3115,The Forbush School at Prince Georges County,6,0,0,0,0,1,0,0,1,1,0,1,2,0,0,0,0,0
1,District of Columbia Public Schools,1081,The Foundation School at PG County,17,0,0,0,0,0,0,0,1,0,1,0,7,3,4,1,0,0
1,District of Columbia Public Schools,1159,The Pathways School Northwood,6,0,0,0,0,0,0,0,0,0,0,1,5,0,0,0,0,0
1,District of Columbia Public Schools,325,Thomas Elementary School,384,34,43,61,52,57,40,46,51,0,0,0,0,0,0,0,0,0
1,District of Columbia Public Schools,326,Thomson Elementary School,308,32,34,44,42,43,36,45,32,0,0,0,0,0,0,0,0,0
1,District of Columbia Public Schools,327,Truesdell Education Campus,698,44,56,64,67,66,77,73,75,68,57,51,0,0,0,0,0,0
1,District of Columbia Public Schools,328,Tubman Elementary School,535,26,44,86,84,83,59,90,63,0,0,0,0,0,0,0,0,0
1,District of Columbia Public Schools,329,Turner Elementary School,463,34,51,51,70,68,56,68,65,0,0,0,0,0,0,0,0,0
1,District of Columbia Public Schools,330,Tyler Elementary School,525,58,72,74,72,61,61,61,66,0,0,0,0,0,0,0,0,0
1,District of Columbia Public Schools,331,Van Ness Elementary School,215,34,48,43,56,34,0,0,0,0,0,0,0,0,0,0,0,0
1,District of Columbia Public Schools,1021,Village Academy of Washington DC Prince Georges County,25,0,0,0,0,0,0,0,0,0,0,0,12,7,1,4,0,1
1,District of Columbia Public Schools,332,Walker-Jones Education Campus,435,37,47,41,52,48,40,51,36,24,28,31,0,0,0,0,0,0
1,District of Columbia Public Schools,474,Washington Metropolitan High School,195,0,0,0,0,0,0,0,0,0,0,32,75,41,37,10,0,0
1,District of Columbia Public Schools,333,Watkins Elementary School (Capitol Hill Cluster),428,0,0,0,85,83,90,89,81,0,0,0,0,0,0,0,0,0
1,District of Columbia Public Schools,336,West Education Campus,330,29,31,27,32,30,35,46,29,30,17,24,0,0,0,0,0,0
1,District of Columbia Public Schools,335,Wheatley Education Campus,324,31,35,40,21,28,25,45,29,28,24,18,0,0,0,0,0,0
1,District of Columbia Public Schools,338,Whittier Education Campus,325,26,30,35,30,38,32,35,33,22,22,22,0,0,0,0,0,0
1,District of Columbia Public Schools,463,Woodrow Wilson High School,1829,0,0,0,0,0,0,0,0,0,0,0,585,418,423,399,0,4
1,District of Columbia Public Schools,1264,Woods Services Residential Programs Langhorne PA,1,0,0,0,0,0,0,0,0,0,0,0,1,0,0,0,0,0
1,District of Columbia Public Schools,861,Youth Services Center,52,0,0,0,0,0,0,0,0,0,0,3,35,12,2,0,0,0
116,E.L. Haynes PCS,1050,Chelsea School Hyattsville MD,1,0,0,0,0,0,0,0,0,0,0,0,0,1,0,0,0,0
116,E.L. Haynes PCS,1206,E.L. Haynes PCS - Elementary School,348,44,46,50,52,52,52,52,0,0,0,0,0,0,0,0,0,0
116,E.L. Haynes PCS,1138,E.L. Haynes PCS - High School,430,0,0,0,0,0,0,0,0,0,0,0,136,96,117,81,0,0
116,E.L. Haynes PCS,146,E.L. Haynes PCS - Middle School,353,0,0,0,0,0,0,0,54,98,102,99,0,0,0,0,0,0
116,E.L. Haynes PCS,1044,Episcopal Center for Children DC,2,0,0,0,0,0,1,0,0,1,0,0,0,0,0,0,0,0
116,E.L. Haynes PCS,3033,Frost School Oakmont Program Rockville MD,1,0,0,0,0,0,0,0,0,0,0,0,0,0,0,1,0,0
116,E.L. Haynes PCS,1200,High Road of Maryland Lower School Prince George's County,1,0,0,0,0,0,0,1,0,0,0,0,0,0,0,0,0,0
116,E.L. Haynes PCS,1171,HRMD High Road Academy of Prince Georges County,1,0,0,0,0,0,0,0,0,0,0,0,0,0,1,0,0,0
116,E.L. Haynes PCS,1079,Katherine Thomas School Rockville MD,1,0,0,0,0,0,0,0,0,0,0,0,0,1,0,0,0,0
116,E.L. Haynes PCS,1184,Kennedy Krieger Montgomery County Campus Rockville MD,1,0,0,0,0,0,0,0,0,0,0,1,0,0,0,0,0,0
116,E.L. Haynes PCS,1070,Kingsbury Day School DC,2,0,0,0,0,0,0,0,0,0,0,0,0,0,0,2,0,0
116,E.L. Haynes PCS,1078,Reginald S Lourie Center Rockville MD,1,0,0,0,0,0,0,1,0,0,0,0,0,0,0,0,0,0
116,E.L. Haynes PCS,1081,The Foundation School at PG County,1,0,0,0,0,0,0,0,0,0,0,0,0,1,0,0,0,0
117,Eagle Academy PCS,1125,Eagle Academy PCS - Capitol Riverfront,166,40,36,35,24,16,15,0,0,0,0,0,0,0,0,0,0,0
117,Eagle Academy PCS,195,Eagle Academy PCS - Congress Heights,770,107,167,158,141,101,96,0,0,0,0,0,0,0,0,0,0,0
118,Early Childhood Academy PCS,138,Early Childhood Academy PCS,246,51,41,48,38,40,28,0,0,0,0,0,0,0,0,0,0,0
144,Elsie Whitlow Stokes Community Freedom PCS,159,Elsie Whitlow Stokes Community Freedom PCS,350,31,38,44,47,48,47,47,48,0,0,0,0,0,0,0,0,0
144,Elsie Whitlow Stokes Community Freedom PCS,1044,Episcopal Center for Children DC,1,0,0,1,0,0,0,0,0,0,0,0,0,0,0,0,0,0
158,Excel Academy PCS,1113,Excel Academy PCS,643,62,64,74,72,69,81,62,59,42,33,25,0,0,0,0,0,0
158,Excel Academy PCS,1013,Phillips School Laurel Laurel MD,2,0,0,0,0,0,0,0,0,1,0,1,0,0,0,0,0,0
158,Excel Academy PCS,1078,Reginald S Lourie Center Rockville MD,1,0,0,0,0,1,0,0,0,0,0,0,0,0,0,0,0,0
120,Friendship PCS,1049,Accotink Academy Therapeutic Day School Springfield VA,5,0,0,0,0,0,0,0,0,0,0,1,1,1,0,2,0,0
120,Friendship PCS,1050,Chelsea School Hyattsville MD,1,0,0,0,0,0,0,0,0,0,0,1,0,0,0,0,0,0
120,Friendship PCS,1020,Childrens Guild Prince Georges Chillum MD,1,0,0,0,0,0,0,0,0,0,1,0,0,0,0,0,0,0
120,Friendship PCS,1044,Episcopal Center for Children DC,4,0,0,0,0,1,0,0,1,2,0,0,0,0,0,0,0,0
120,Friendship PCS,269,Friendship PCS - Armstrong,395,61,57,47,61,50,38,44,37,0,0,0,0,0,0,0,0,0
120,Friendship PCS,361,Friendship PCS - Blow Pierce Elementary School,387,63,73,69,68,60,54,0,0,0,0,0,0,0,0,0,0,0
120,Friendship PCS,362,Friendship PCS - Blow Pierce Middle School,242,0,0,0,0,0,0,65,64,40,41,32,0,0,0,0,0,0
120,Friendship PCS,363,Friendship PCS - Chamberlain Elementary School,377,57,55,67,65,69,64,0,0,0,0,0,0,0,0,0,0,0
120,Friendship PCS,364,Friendship PCS - Chamberlain Middle School,323,0,0,0,0,0,0,60,70,75,62,56,0,0,0,0,0,0
120,Friendship PCS,186,Friendship PCS - Collegiate Academy,685,0,0,0,0,0,0,0,0,0,0,0,173,137,185,190,0,0
120,Friendship PCS,268,Friendship PCS - Online,180,0,0,13,13,17,15,27,24,28,18,25,0,0,0,0,0,0
120,Friendship PCS,113,Friendship PCS - Southeast Academy,559,57,80,84,71,73,63,71,60,0,0,0,0,0,0,0,0,0
120,Friendship PCS,1164,Friendship PCS - Technology Preparatory High School,253,0,0,0,0,0,0,0,0,0,0,0,91,60,58,44,0,0
120,Friendship PCS,1124,Friendship PCS - Technology Preparatory Middle School,255,0,0,0,0,0,0,0,0,93,75,87,0,0,0,0,0,0
120,Friendship PCS,365,Friendship PCS - Woodridge Elementary School,297,49,53,51,54,43,47,0,0,0,0,0,0,0,0,0,0,0
120,Friendship PCS,366,Friendship PCS - Woodridge Middle School,218,0,0,0,0,0,0,46,47,51,43,31,0,0,0,0,0,0
120,Friendship PCS,3033,Frost School Oakmont Program Rockville MD,1,0,0,0,0,0,1,0,0,0,0,0,0,0,0,0,0,0
120,Friendship PCS,1250,Harbor Point Behavioral Health,1,0,0,0,0,0,0,0,0,0,0,0,0,1,0,0,0,0
120,Friendship PCS,1054,Harbour School Annapolis Annapolis MD,2,0,0,0,0,0,0,0,0,0,0,0,0,1,1,0,0,0
120,Friendship PCS,1200,High Road of Maryland Lower School Prince George's County,3,0,0,0,0,0,0,0,0,0,1,0,0,0,0,2,0,0
120,Friendship PCS,1092,HRMD High Road Academy of Howard County,2,0,0,0,0,0,0,0,1,0,0,0,1,0,0,0,0,0
120,Friendship PCS,1139,HRMD High Road School of Southern Maryland,1,0,0,0,0,0,0,0,0,0,0,0,0,0,0,1,0,0
120,Friendship PCS,1168,Kennedy Krieger Fairmont Campus Baltimore MD,1,0,0,0,0,0,0,0,1,0,0,0,0,0,0,0,0,0
120,Friendship PCS,1070,Kingsbury Day School DC,3,0,0,0,0,0,0,0,0,0,0,0,0,1,2,0,0,0
120,Friendship PCS,1066,Lt. Joseph P. Kennedy Institute,2,0,0,0,0,0,0,0,0,0,0,0,0,0,2,0,0,0
120,Friendship PCS,1015,Monroe School DC,1,0,0,0,0,0,0,0,0,0,0,0,0,0,1,0,0,0
120,Friendship PCS,1012,Phillips School Annandale Annandale VA,1,0,0,0,0,0,0,0,0,0,0,1,0,0,0,0,0,0
120,Friendship PCS,1013,Phillips School Laurel Laurel MD,1,0,0,0,0,0,0,0,0,0,0,0,0,0,0,1,0,0
120,Friendship PCS,1021,Village Academy of Washington DC Prince Georges County,1,0,0,0,0,0,0,0,0,0,0,0,0,0,0,1,0,0
190,Goodwill Excel Center PCS,297,Goodwill Excel Center PCS,358,0,0,0,0,0,0,0,0,0,0,0,305,0,0,53,0,0
180,Harmony DC PCS,245,Harmony DC PCS - School of Excellence,94,0,0,9,13,22,17,14,19,0,0,0,0,0,0,0,0,0
121,Hope Community PCS,1049,Accotink Academy Therapeutic Day School Springfield VA,1,0,0,0,0,0,0,0,0,1,0,0,0,0,0,0,0,0
121,Hope Community PCS,1044,Episcopal Center for Children DC,1,0,0,0,0,0,0,1,0,0,0,0,0,0,0,0,0,0
121,Hope Community PCS,131,Hope Community PCS - Lamond,288,40,59,31,46,34,32,25,21,0,0,0,0,0,0,0,0,0
121,Hope Community PCS,114,Hope Community PCS - Tolson,467,26,58,33,63,45,45,43,42,55,34,23,0,0,0,0,0,0
121,Hope Community PCS,1012,Phillips School Annandale Annandale VA,1,0,0,0,0,0,0,0,0,1,0,0,0,0,0,0,0,0
121,Hope Community PCS,1078,Reginald S Lourie Center Rockville MD,1,0,0,0,0,0,0,0,1,0,0,0,0,0,0,0,0,0
121,Hope Community PCS,3115,The Forbush School at Prince Georges County,1,0,0,0,1,0,0,0,0,0,0,0,0,0,0,0,0,0
121,Hope Community PCS,1081,The Foundation School at PG County,2,0,0,0,0,0,0,1,0,0,0,1,0,0,0,0,0,0
124,Howard University Middle School of Mathematics and Science PCS,115,Howard University Middle School of Mathematics and Science PCS,278,0,0,0,0,0,0,0,0,100,84,94,0,0,0,0,0,0
126,IDEA PCS,1049,Accotink Academy Therapeutic Day School Springfield VA,1,0,0,0,0,0,0,0,0,0,0,0,0,0,1,0,0,0
126,IDEA PCS,1092,HRMD High Road Academy of Howard County,1,0,0,0,0,0,0,0,0,0,0,0,0,0,1,0,0,0
126,IDEA PCS,163,IDEA PCS,306,0,0,0,0,0,0,0,0,0,0,0,93,85,72,56,0,0
126,IDEA PCS,1066,Lt. Joseph P. Kennedy Institute,1,0,0,0,0,0,0,0,0,0,0,0,0,0,1,0,0,0
126,IDEA PCS,1183,New Beginnings Vocational Program DC,1,0,0,0,0,0,0,0,0,0,0,0,0,0,1,0,0,0
126,IDEA PCS,1013,Phillips School Laurel Laurel MD,1,0,0,0,0,0,0,0,0,0,0,0,0,0,1,0,0,0
126,IDEA PCS,1021,Village Academy of Washington DC Prince Georges County,4,0,0,0,0,0,0,0,0,0,0,0,0,2,0,2,0,0
127,Ideal Academy PCS,134,Ideal Academy PCS,289,22,24,39,34,25,29,32,25,24,16,19,0,0,0,0,0,0
173,Ingenuity Prep PCS,200,Ingenuity Prep PCS,496,75,75,70,71,69,68,68,0,0,0,0,0,0,0,0,0,0
173,Ingenuity Prep PCS,1078,Reginald S Lourie Center Rockville MD,1,0,0,0,0,0,0,1,0,0,0,0,0,0,0,0,0,0
165,Inspired Teaching Demonstration PCS,3064,Inspired Teaching Demonstration PCS,446,43,44,49,50,49,50,49,48,23,19,22,0,0,0,0,0,0
165,Inspired Teaching Demonstration PCS,1070,Kingsbury Day School DC,1,0,0,0,0,0,0,0,0,0,1,0,0,0,0,0,0,0
165,Inspired Teaching Demonstration PCS,1078,Reginald S Lourie Center Rockville MD,1,0,0,0,0,0,0,0,1,0,0,0,0,0,0,0,0,0
186,Kingsman Academy PCS,1049,Accotink Academy Therapeutic Day School Springfield VA,2,0,0,0,0,0,0,0,0,0,0,0,0,1,1,0,0,0
186,Kingsman Academy PCS,3122,Devereux Massachusetts,1,0,0,0,0,0,0,0,0,0,0,0,0,1,0,0,0,0
186,Kingsman Academy PCS,1070,Kingsbury Day School DC,1,0,0,0,0,0,0,0,0,0,0,0,0,0,1,0,0,0
186,Kingsman Academy PCS,267,Kingsman Academy PCS,252,0,0,0,0,0,0,0,0,14,17,15,68,60,51,27,0,0
186,Kingsman Academy PCS,1183,New Beginnings Vocational Program DC,1,0,0,0,0,0,0,0,0,0,0,0,0,1,0,0,0,0
186,Kingsman Academy PCS,1155,Pathways School Edgewood Silver Spring MD,1,0,0,0,0,0,0,0,0,0,0,0,0,1,0,0,0,0
186,Kingsman Academy PCS,1021,Village Academy of Washington DC Prince Georges County,1,0,0,0,0,0,0,0,0,0,0,0,0,1,0,0,0,0
129,KIPP DC PCS,1049,Accotink Academy Therapeutic Day School Springfield VA,2,0,0,0,1,0,0,0,1,0,0,0,0,0,0,0,0,0
129,KIPP DC PCS,1216,Devereux Georgia Treatment Network Kennesaw GA,1,0,0,0,0,0,0,0,0,0,0,0,0,0,0,1,0,0
129,KIPP DC PCS,1171,HRMD High Road Academy of Prince Georges County,2,0,0,0,1,0,0,0,0,0,0,0,0,0,1,0,0,0
129,KIPP DC PCS,1051,Ivymount School Rockville MD,1,0,0,0,0,0,0,0,0,0,0,0,0,1,0,0,0,0
129,KIPP DC PCS,116,KIPP DC - AIM Academy PCS,378,0,0,0,0,0,0,0,109,115,92,62,0,0,0,0,0,0
129,KIPP DC PCS,236,KIPP DC - Arts and Technology Academy PCS,347,129,116,102,0,0,0,0,0,0,0,0,0,0,0,0,0,0
129,KIPP DC PCS,1123,KIPP DC - College Preparatory Academy PCS,713,0,0,0,0,0,0,0,0,0,0,0,278,191,131,113,0,0
129,KIPP DC PCS,209,KIPP DC - Connect Academy PCS,325,110,114,101,0,0,0,0,0,0,0,0,0,0,0,0,0,0
129,KIPP DC PCS,1122,KIPP DC - Discover Academy PCS,351,107,118,126,0,0,0,0,0,0,0,0,0,0,0,0,0,0
129,KIPP DC PCS,1129,KIPP DC - Grow Academy PCS,321,108,115,98,0,0,0,0,0,0,0,0,0,0,0,0,0,0
129,KIPP DC PCS,3071,KIPP DC - Heights Academy PCS,461,0,0,0,127,121,108,105,0,0,0,0,0,0,0,0,0,0
129,KIPP DC PCS,189,KIPP DC - KEY Academy PCS,338,0,0,0,0,0,0,0,94,89,81,74,0,0,0,0,0,0
129,KIPP DC PCS,190,KIPP DC - Lead Academy PCS,405,0,0,0,106,100,107,92,0,0,0,0,0,0,0,0,0,0
129,KIPP DC PCS,132,KIPP DC - LEAP Academy PCS,198,101,97,0,0,0,0,0,0,0,0,0,0,0,0,0,0,0
129,KIPP DC PCS,242,KIPP DC - Northeast Academy PCS,330,0,0,0,0,0,0,0,79,91,82,78,0,0,0,0,0,0
129,KIPP DC PCS,1121,KIPP DC - Promise Academy PCS,520,0,0,112,115,99,95,99,0,0,0,0,0,0,0,0,0,0
129,KIPP DC PCS,237,KIPP DC - Quest Academy PCS,391,0,0,0,108,104,101,78,0,0,0,0,0,0,0,0,0,0
129,KIPP DC PCS,214,KIPP DC - Spring Academy PCS,410,0,0,0,111,102,98,99,0,0,0,0,0,0,0,0,0,0
129,KIPP DC PCS,243,KIPP DC - Valor Academy PCS,307,0,0,0,0,0,0,0,90,93,71,53,0,0,0,0,0,0
129,KIPP DC PCS,121,KIPP DC - WILL Academy PCS,321,0,0,0,0,0,0,0,91,81,71,78,0,0,0,0,0,0
129,KIPP DC PCS,1015,Monroe School DC,1,0,0,0,0,0,0,0,0,0,0,1,0,0,0,0,0,0
129,KIPP DC PCS,1078,Reginald S Lourie Center Rockville MD,1,0,0,0,0,1,0,0,0,0,0,0,0,0,0,0,0,0
129,KIPP DC PCS,1191,Ridge School of Montgomery County  Day Program Rockville MD,1,0,0,0,0,0,0,0,0,0,0,1,0,0,0,0,0,0
129,KIPP DC PCS,1081,The Foundation School at PG County,1,0,0,0,0,0,0,0,0,0,0,1,0,0,0,0,0,0
130,Latin American Montessori Bilingual PCS,193,Latin American Montessori Bilingual PCS,462,83,79,76,45,55,48,43,33,0,0,0,0,0,0,0,0,0
172,LAYC Career Academy PCS,104,LAYC Career Academy PCS,137,0,0,0,0,0,0,0,0,0,0,0,0,0,0,0,137,0
177,Lee Montessori PCS,1049,Accotink Academy Therapeutic Day School Springfield VA,1,0,0,0,0,0,1,0,0,0,0,0,0,0,0,0,0,0
177,Lee Montessori PCS,228,Lee Montessori PCS,177,44,43,29,24,18,12,7,0,0,0,0,0,0,0,0,0,0
132,Mary McLeod Bethune Day Academy PCS,135,Mary McLeod Bethune Day Academy PCS,458,85,65,45,42,34,34,35,39,26,24,29,0,0,0,0,0,0
133,Maya Angelou PCS,1049,Accotink Academy Therapeutic Day School Springfield VA,3,0,0,0,0,0,0,0,0,0,0,0,0,2,1,0,0,0
133,Maya Angelou PCS,1215,Devereux Florida Viera Campus Viera FL,1,0,0,0,0,0,0,0,0,0,0,0,0,0,0,1,0,0
133,Maya Angelou PCS,1216,Devereux Georgia Treatment Network Kennesaw GA,1,0,0,0,0,0,0,0,0,0,0,0,0,0,1,0,0,0
133,Maya Angelou PCS,1200,High Road of Maryland Lower School Prince George's County,1,0,0,0,0,0,0,0,0,0,0,0,0,0,1,0,0,0
133,Maya Angelou PCS,1171,HRMD High Road Academy of Prince Georges County,1,0,0,0,0,0,0,0,0,0,0,0,0,1,0,0,0,0
133,Maya Angelou PCS,1079,Katherine Thomas School Rockville MD,1,0,0,0,0,0,0,0,0,0,0,0,0,0,1,0,0,0
133,Maya Angelou PCS,1184,Kennedy Krieger Montgomery County Campus Rockville MD,1,0,0,0,0,0,0,0,0,0,0,0,0,1,0,0,0,0
133,Maya Angelou PCS,1066,Lt. Joseph P. Kennedy Institute,1,0,0,0,0,0,0,0,0,0,0,0,0,0,1,0,0,0
133,Maya Angelou PCS,101,Maya Angelou PCS - High School,170,0,0,0,0,0,0,0,0,0,0,0,53,47,47,23,0,0
133,Maya Angelou PCS,137,Maya Angelou PCS - Young Adult Learning Center,136,0,0,0,0,0,0,0,0,0,0,0,0,0,0,0,136,0
133,Maya Angelou PCS,1015,Monroe School DC,1,0,0,0,0,0,0,0,0,0,0,0,0,1,0,0,0,0
133,Maya Angelou PCS,1183,New Beginnings Vocational Program DC,2,0,0,0,0,0,0,0,0,0,0,0,0,1,0,1,0,0
133,Maya Angelou PCS,1021,Village Academy of Washington DC Prince Georges County,1,0,0,0,0,0,0,0,0,0,0,0,0,1,0,0,0,0
135,Meridian PCS,1044,Episcopal Center for Children DC,1,0,0,0,0,0,0,0,0,0,1,0,0,0,0,0,0,0
135,Meridian PCS,165,Meridian PCS,636,59,67,72,67,63,65,69,52,44,40,38,0,0,0,0,0,0
135,Meridian PCS,1094,St Johns Community Services Langley,2,0,0,0,0,0,0,0,0,1,1,0,0,0,0,0,0,0
184,Monument Academy PCS,1049,Accotink Academy Therapeutic Day School Springfield VA,1,0,0,0,0,0,0,0,1,0,0,0,0,0,0,0,0,0
184,Monument Academy PCS,1044,Episcopal Center for Children DC,1,0,0,0,0,0,0,0,0,1,0,0,0,0,0,0,0,0
184,Monument Academy PCS,260,Monument Academy PCS,116,0,0,0,0,0,0,0,20,37,59,0,0,0,0,0,0,0
184,Monument Academy PCS,1013,Phillips School Laurel Laurel MD,1,0,0,0,0,0,0,0,0,1,0,0,0,0,0,0,0,0
171,Mundo Verde Bilingual PCS,1046,Lab School of Washington DC,1,0,0,0,0,0,0,0,1,0,0,0,0,0,0,0,0,0
171,Mundo Verde Bilingual PCS,3065,Mundo Verde Bilingual PCS,578,35,54,97,96,89,85,71,51,0,0,0,0,0,0,0,0,0
163,National Collegiate Preparatory PCHS,1049,Accotink Academy Therapeutic Day School Springfield VA,2,0,0,0,0,0,0,0,0,0,0,0,0,1,1,0,0,0
163,National Collegiate Preparatory PCHS,1051,Ivymount School Rockville MD,1,0,0,0,0,0,0,0,0,0,0,0,0,0,1,0,0,0
163,National Collegiate Preparatory PCHS,1015,Monroe School DC,1,0,0,0,0,0,0,0,0,0,0,0,0,0,1,0,0,0
163,National Collegiate Preparatory PCHS,1120,National Collegiate Preparatory PCHS,277,0,0,0,0,0,0,0,0,0,0,0,84,72,78,43,0,0
163,National Collegiate Preparatory PCHS,1013,Phillips School Laurel Laurel MD,1,0,0,0,0,0,0,0,0,0,0,0,0,0,1,0,0,0
138,Paul PCS,1050,Chelsea School Hyattsville MD,1,0,0,0,0,0,0,0,0,0,0,0,0,1,0,0,0,0
138,Paul PCS,1171,HRMD High Road Academy of Prince Georges County,1,0,0,0,0,0,0,0,0,0,0,0,1,0,0,0,0,0
138,Paul PCS,222,Paul PCS - International High School,480,0,0,0,0,0,0,0,0,0,0,0,143,151,105,81,0,0
138,Paul PCS,170,Paul PCS - Middle School,228,0,0,0,0,0,0,0,0,76,71,81,0,0,0,0,0,0
125,Perry Street Preparatory PCS,1044,Episcopal Center for Children DC,2,0,0,0,0,0,0,0,1,0,1,0,0,0,0,0,0,0
125,Perry Street Preparatory PCS,1054,Harbour School Annapolis Annapolis MD,1,0,0,0,0,0,0,0,0,1,0,0,0,0,0,0,0,0
125,Perry Street Preparatory PCS,1200,High Road of Maryland Lower School Prince George's County,1,0,0,0,0,0,0,0,0,0,1,0,0,0,0,0,0,0
125,Perry Street Preparatory PCS,1070,Kingsbury Day School DC,2,0,0,0,1,0,0,0,0,1,0,0,0,0,0,0,0,0
125,Perry Street Preparatory PCS,161,Perry Street Preparatory PCS,351,51,37,50,38,26,27,27,41,20,16,18,0,0,0,0,0,0
167,Richard Wright PCS for Journalism and Media Arts,3067,Richard Wright PCS for Journalism and Media Arts,282,0,0,0,0,0,0,0,0,0,0,16,68,73,74,51,0,0
191,Rocketship DC PCS,1016,Rocketship DC PCS - Legacy Prep,106,6,10,44,30,16,0,0,0,0,0,0,0,0,0,0,0,0
191,Rocketship DC PCS,286,Rocketship DC PCS - Rise Academy,527,85,85,97,102,83,75,0,0,0,0,0,0,0,0,0,0,0
140,Roots PCS,173,Roots PCS,118,19,25,17,18,15,6,9,9,0,0,0,0,0,0,0,0,0
142,"SEED PCS of Washington, DC",1049,Accotink Academy Therapeutic Day School Springfield VA,2,0,0,0,0,0,0,0,0,0,0,1,1,0,0,0,0,0
142,"SEED PCS of Washington, DC",1070,Kingsbury Day School DC,1,0,0,0,0,0,0,0,0,0,0,0,0,1,0,0,0,0
142,"SEED PCS of Washington, DC",1015,Monroe School DC,1,0,0,0,0,0,0,0,0,0,0,0,0,0,1,0,0,0
142,"SEED PCS of Washington, DC",1018,PHILLIPS Programs for Children and Families/ PHILLIPS School ~ Fairfax,3,0,0,0,0,0,0,0,0,0,1,1,1,0,0,0,0,0
142,"SEED PCS of Washington, DC",1013,Phillips School Laurel Laurel MD,1,0,0,0,0,0,0,0,0,0,0,0,1,0,0,0,0,0
142,"SEED PCS of Washington, DC",174,SEED PCS of Washington DC,363,0,0,0,0,0,0,0,0,85,64,54,57,48,29,26,0,0
142,"SEED PCS of Washington, DC",1264,Woods Services Residential Programs Langhorne PA,1,0,0,0,0,0,0,0,0,0,0,0,0,0,0,1,0,0
174,Sela PCS,197,Sela PCS,202,39,40,31,33,24,24,11,0,0,0,0,0,0,0,0,0,0
166,Shining Stars Montessori Academy PCS,3066,Shining Stars Montessori Academy PCS,274,65,65,56,37,27,9,6,5,4,0,0,0,0,0,0,0,0
175,Somerset Preparatory Academy PCS,1049,Accotink Academy Therapeutic Day School Springfield VA,1,0,0,0,0,0,0,0,0,0,0,0,0,0,0,1,0,0
175,Somerset Preparatory Academy PCS,1015,Monroe School DC,1,0,0,0,0,0,0,0,0,0,0,0,0,0,1,0,0,0
175,Somerset Preparatory Academy PCS,187,Somerset Preparatory Academy PCS,375,0,0,0,0,0,0,0,0,61,73,71,67,48,30,25,0,0
175,Somerset Preparatory Academy PCS,1081,The Foundation School at PG County,2,0,0,0,0,0,0,0,0,0,0,0,0,1,1,0,0,0
143,St. Coletta Special Education PCS,1047,St. Coletta Special Education PCS,247,4,4,3,12,10,10,15,14,15,14,18,19,13,16,12,0,68
215,Sustainable Futures PCS,1000,Sustainable Futures PCS,46,0,0,0,0,0,0,0,0,0,0,0,44,1,1,0,0,0
188,The Children's Guild DC PCS,1020,Childrens Guild Prince Georges Chillum MD,3,0,0,0,0,2,0,1,0,0,0,0,0,0,0,0,0,0
188,The Children's Guild DC PCS,255,The Children's Guild PCS,375,0,0,20,29,43,34,57,64,47,40,41,0,0,0,0,0,0
145,The Next Step/El Proximo Paso PCS,168,The Next Step El Proximo Paso PCS,418,0,0,0,0,0,0,0,0,0,0,0,0,0,0,0,418,0
146,Thurgood Marshall Academy PCS,1050,Chelsea School Hyattsville MD,1,0,0,0,0,0,0,0,0,0,0,0,0,1,0,0,0,0
146,Thurgood Marshall Academy PCS,1216,Devereux Georgia Treatment Network Kennesaw GA,1,0,0,0,0,0,0,0,0,0,0,0,0,1,0,0,0,0
146,Thurgood Marshall Academy PCS,1200,High Road of Maryland Lower School Prince George's County,1,0,0,0,0,0,0,0,0,0,0,0,1,0,0,0,0,0
146,Thurgood Marshall Academy PCS,1070,Kingsbury Day School DC,1,0,0,0,0,0,0,0,0,0,0,0,0,1,0,0,0,0
146,Thurgood Marshall Academy PCS,191,Thurgood Marshall Academy PCS,383,0,0,0,0,0,0,0,0,0,0,0,136,93,85,69,0,0
149,Two Rivers PCS,1020,Childrens Guild Prince Georges Chillum MD,1,0,0,0,0,0,0,0,0,0,1,0,0,0,0,0,0,0
149,Two Rivers PCS,1054,Harbour School Annapolis Annapolis MD,3,0,0,0,0,0,0,0,0,0,2,1,0,0,0,0,0,0
149,Two Rivers PCS,1171,HRMD High Road Academy of Prince Georges County,1,0,0,0,0,0,0,0,0,0,1,0,0,0,0,0,0,0
149,Two Rivers PCS,1051,Ivymount School Rockville MD,1,0,0,0,0,0,0,0,0,1,0,0,0,0,0,0,0,0
149,Two Rivers PCS,1168,Kennedy Krieger Fairmont Campus Baltimore MD,1,0,0,0,0,0,0,0,0,0,1,0,0,0,0,0,0,0
149,Two Rivers PCS,1184,Kennedy Krieger Montgomery County Campus Rockville MD,1,0,0,0,0,0,0,0,0,1,0,0,0,0,0,0,0,0
149,Two Rivers PCS,1070,Kingsbury Day School DC,1,0,0,0,0,0,1,0,0,0,0,0,0,0,0,0,0,0
149,Two Rivers PCS,1046,Lab School of Washington DC,1,0,0,0,0,0,0,0,0,0,0,1,0,0,0,0,0,0
149,Two Rivers PCS,1018,PHILLIPS Programs for Children and Families/ PHILLIPS School ~ Fairfax,1,0,0,0,0,0,0,0,0,0,1,0,0,0,0,0,0,0
149,Two Rivers PCS,1078,Reginald S Lourie Center Rockville MD,1,0,0,0,0,0,1,0,0,0,0,0,0,0,0,0,0,0
149,Two Rivers PCS,3115,The Forbush School at Prince Georges County,1,0,0,0,1,0,0,0,0,0,0,0,0,0,0,0,0,0
149,Two Rivers PCS,1159,The Pathways School Northwood,1,0,0,0,0,0,0,0,0,0,0,1,0,0,0,0,0,0
149,Two Rivers PCS,198,Two Rivers PCS - 4th St,528,36,48,50,50,50,50,50,50,47,50,47,0,0,0,0,0,0
149,Two Rivers PCS,270,Two Rivers PCS - Young,284,38,48,50,50,50,48,0,0,0,0,0,0,0,0,0,0,0
185,Washington Global PCS,263,Washington Global PCS,196,0,0,0,0,0,0,0,0,75,53,68,0,0,0,0,0,0
151,Washington Latin PCS,1070,Kingsbury Day School DC,3,0,0,0,0,0,0,0,0,0,0,0,0,1,1,1,0,0
151,Washington Latin PCS,125,Washington Latin PCS - Middle School,367,0,0,0,0,0,0,0,93,90,92,92,0,0,0,0,0,0
151,Washington Latin PCS,1118,Washington Latin PCS - Upper School,331,0,0,0,0,0,0,0,0,0,0,0,90,83,79,79,0,0
194,Washington Leadership Academy PCS,283,Washington Leadership Academy PCS,204,0,0,0,0,0,0,0,0,0,0,0,104,100,0,0,0,0
152,Washington Mathematics Science Technology PCHS,1049,Accotink Academy Therapeutic Day School Springfield VA,3,0,0,0,0,0,0,0,0,0,0,0,0,2,1,0,0,0
152,Washington Mathematics Science Technology PCHS,1050,Chelsea School Hyattsville MD,1,0,0,0,0,0,0,0,0,0,0,0,0,0,1,0,0,0
152,Washington Mathematics Science Technology PCHS,1015,Monroe School DC,1,0,0,0,0,0,0,0,0,0,0,0,0,0,1,0,0,0
152,Washington Mathematics Science Technology PCHS,1081,The Foundation School at PG County,1,0,0,0,0,0,0,0,0,0,0,0,0,0,1,0,0,0
152,Washington Mathematics Science Technology PCHS,178,Washington Mathematics Science Technology PCHS,228,0,0,0,0,0,0,0,0,0,0,0,37,54,60,77,0,0
160,Washington Yu Ying PCS,1070,Kingsbury Day School DC,1,0,0,0,0,0,0,0,1,0,0,0,0,0,0,0,0,0
160,Washington Yu Ying PCS,1117,Washington Yu Ying PCS,579,48,76,78,72,71,71,72,91,0,0,0,0,0,0,0,0,0
131,Youthbuild PCS,128,Youthbuild PCS,119,0,0,0,0,0,0,0,0,0,0,0,0,0,0,0,119,0